No. of Characters,No. of Words,No. of Paragraphs,No. of Unique words,No. of Noun,No. of Adv,No. of Verb,No. of Adverb,Score,Score_5
1538,338,1,56,83,18,74,24,7,4
1870,419,1,51,107,19,85,19,8,4
1263,279,1,50,82,20,52,16,6,3
2642,524,1,62,178,42,97,29,8,4
2105,465,1,49,114,32,90,36,7,4
1031,246,1,50,53,12,49,17,7,4
2310,499,1,48,136,31,80,38,8,4
2243,482,1,54,133,32,112,29,8,4
1960,443,1,55,110,32,86,30,8,4
2131,502,1,51,109,40,112,37,8,4
1639,325,1,49,88,31,70,20,7,4
1791,392,1,45,102,39,84,29,7,4
804,204,1,37,43,17,43,7,6,3
1311,307,1,32,81,35,57,12,5,3
816,176,1,38,57,15,30,10,5,3
2641,528,1,55,168,39,103,23,10,5
1470,335,1,44,71,19,74,23,7,4
1594,366,1,48,79,24,77,38,7,4
297,66,1,27,25,5,14,1,3,2
713,156,1,40,52,14,27,9,5,3
1683,367,1,46,83,27,75,39,7,4
262,56,1,31,20,2,8,1,3,2
2358,521,1,54,130,33,96,24,8,4
2658,559,1,59,157,48,104,34,9,5
1381,293,1,43,79,19,59,12,7,4
1645,360,1,51,101,19,75,15,8,4
531,120,1,37,32,10,24,8,3,2
1687,360,1,47,95,33,74,20,8,4
1692,371,1,49,94,24,75,22,8,4
1165,257,1,41,63,21,70,12,7,4
2132,472,1,55,117,38,92,39,8,4
2277,492,1,56,140,28,102,33,8,4
751,167,1,46,49,16,30,9,5,3
1517,362,1,46,104,25,70,21,7,4
1871,413,1,50,96,31,94,21,8,4
2474,542,1,59,125,46,105,34,8,4
2167,488,1,50,117,44,103,25,10,5
1516,353,1,42,78,23,71,18,7,4
1943,445,1,46,119,29,80,29,8,4
833,190,1,47,57,10,42,0,6,3
180,41,1,27,12,2,8,1,2,1
1201,282,1,44,63,21,51,19,7,4
637,140,1,40,37,10,28,5,5,3
1324,313,1,47,101,18,59,19,7,4
1389,322,1,47,94,22,47,24,7,4
1333,298,1,40,76,17,75,7,7,4
1330,314,1,46,87,20,54,27,7,4
2309,544,1,53,127,33,101,48,9,5
1489,315,1,40,80,24,55,22,5,3
390,83,1,28,21,8,13,8,4,2
2221,571,1,44,92,30,123,47,8,4
1083,241,1,42,65,17,48,13,6,3
1791,424,1,50,88,14,98,31,7,4
1886,415,1,53,118,28,80,30,8,4
1127,237,1,46,58,15,40,24,7,4
2409,469,1,47,133,33,89,24,8,4
1433,291,1,48,81,31,63,13,8,4
882,197,1,46,43,12,41,13,6,3
2030,442,1,49,111,34,84,18,7,4
344,68,1,36,23,7,14,0,3,2
1381,301,1,41,75,24,68,26,7,4
1218,283,1,46,73,23,72,6,7,4
1305,290,1,45,65,17,56,13,7,4
899,217,1,36,52,6,45,15,6,3
1901,414,1,45,88,28,90,33,8,4
1744,371,1,45,84,22,82,30,8,4
1336,293,1,43,83,20,56,23,7,4
1830,390,1,51,100,27,90,33,8,4
1016,241,1,46,53,14,55,15,6,3
2113,422,1,61,127,33,69,26,10,5
1955,447,1,48,120,13,87,22,8,4
2695,527,1,52,131,48,122,30,8,4
1778,386,1,56,105,30,69,29,7,4
1363,297,1,40,81,18,71,28,6,3
1703,348,1,44,95,41,70,22,7,4
1498,298,1,51,110,18,60,20,7,4
2494,522,1,54,147,42,123,34,8,4
1953,420,1,56,136,24,72,34,8,4
1641,381,1,47,101,23,67,17,8,4
1933,408,1,54,114,42,85,34,7,4
1562,363,1,47,82,35,77,12,7,4
1377,281,1,47,73,16,58,18,7,4
877,208,1,36,41,15,48,11,6,3
801,202,1,37,42,7,38,12,5,3
2470,543,1,49,110,53,115,38,8,4
2095,419,1,48,145,46,66,21,7,4
1940,414,1,54,102,38,81,35,8,4
1796,441,1,46,79,26,96,45,8,4
1035,232,1,31,61,9,50,7,5,3
1011,229,1,49,61,16,45,10,6,3
1048,232,1,41,66,11,42,23,7,4
2858,651,1,65,162,41,137,33,9,5
2682,539,1,55,184,37,82,29,9,5
1372,313,1,48,72,19,71,22,7,4
2012,462,1,61,101,28,93,34,8,4
1049,230,1,48,68,14,42,13,6,3
1387,294,1,51,84,22,63,17,7,4
1952,411,1,56,115,25,95,34,9,5
1572,348,1,60,102,18,75,15,7,4
953,234,1,50,64,23,48,5,6,3
2165,467,1,55,126,30,96,42,8,4
1455,330,1,47,75,19,72,16,7,4
1744,393,1,56,94,30,78,24,8,4
1851,401,1,45,108,18,98,26,8,4
2312,537,1,50,136,30,111,38,8,4
1751,361,1,51,92,28,80,22,9,5
3034,631,1,56,178,43,126,32,8,4
1609,366,1,50,97,27,76,25,7,4
1463,348,1,43,77,20,70,26,7,4
1036,236,1,46,66,24,41,15,5,3
2668,549,1,59,155,43,112,33,9,5
1851,410,1,58,115,23,82,26,8,4
1502,328,1,47,89,17,71,29,7,4
1915,407,1,52,103,23,84,27,7,4
2051,508,1,63,110,29,109,48,8,4
267,53,1,27,15,4,11,6,3,2
1437,319,1,47,74,26,65,25,7,4
2197,435,1,58,153,31,70,23,10,5
2097,485,1,55,106,33,111,39,8,4
1564,373,1,50,82,26,76,26,7,4
1528,370,1,53,96,24,69,25,7,4
2449,533,1,54,157,36,100,35,8,4
1857,411,1,43,98,24,90,25,8,4
1084,273,1,39,53,14,56,12,6,3
712,175,1,27,32,11,48,10,4,2
1221,280,1,44,65,16,57,18,7,4
1829,402,1,41,98,28,75,27,8,4
1861,406,1,49,99,23,81,34,8,4
1744,416,1,52,100,18,80,35,8,4
2836,603,1,47,158,57,111,24,8,4
2002,420,1,56,126,32,87,28,8,4
2190,425,1,56,138,30,79,30,9,5
2227,507,1,57,130,47,97,37,8,4
1811,400,1,42,99,27,84,29,8,4
1188,261,1,45,72,10,56,15,6,3
2356,542,1,57,142,23,128,53,8,4
1054,243,1,39,74,14,40,9,6,3
1913,401,1,49,118,30,71,17,8,4
766,180,1,42,44,7,37,14,6,3
1680,360,1,44,90,33,75,23,8,4
2591,575,1,55,141,33,120,41,8,4
1930,381,1,52,90,24,84,31,8,4
1284,303,1,47,85,18,61,21,6,3
1898,441,1,43,111,24,96,23,8,4
1918,362,1,45,103,29,72,24,8,4
785,185,1,47,45,11,32,12,5,3
2826,595,1,54,168,49,117,35,10,5
1342,306,1,40,79,25,59,22,8,4
1891,436,1,42,110,40,79,10,7,4
1342,303,1,50,103,14,48,15,7,4
1022,245,1,34,53,10,53,18,7,4
858,172,1,37,53,18,34,3,5,3
2134,489,1,50,106,36,105,35,8,4
2019,423,1,53,111,29,79,31,10,5
2017,437,1,51,123,38,90,30,8,4
1444,333,1,48,78,26,61,26,7,4
2115,449,1,57,137,34,87,26,8,4
1756,353,1,49,109,28,58,27,8,4
2206,462,1,54,126,39,96,28,8,4
1258,273,1,38,71,36,65,13,7,4
1925,417,1,56,120,23,84,18,8,4
2535,534,1,57,145,28,104,38,10,5
1151,232,1,41,76,18,53,12,7,4
1223,245,1,39,77,25,46,16,7,4
1793,372,1,55,103,33,79,19,8,4
2547,537,1,61,144,55,108,34,8,4
1395,331,1,55,73,29,60,21,7,4
2155,447,1,48,111,48,79,33,8,4
784,150,1,45,44,12,28,7,5,3
1472,335,1,54,73,25,68,25,7,4
1303,322,1,38,65,25,61,25,7,4
1092,255,1,46,52,17,48,18,7,4
1144,256,1,41,66,17,44,16,7,4
1501,349,1,44,89,21,81,20,7,4
1545,330,1,53,85,27,63,17,7,4
1751,381,1,44,92,26,90,31,8,4
1287,326,1,43,73,23,64,14,7,4
1342,268,1,53,95,15,43,13,7,4
1349,275,1,51,81,24,54,14,7,4
1889,439,1,55,104,41,85,28,8,4
2248,442,1,57,145,25,84,29,8,4
1283,293,1,41,75,26,68,10,7,4
1873,393,1,55,100,34,82,32,7,4
1551,387,1,42,74,18,90,25,7,4
1973,466,1,47,106,21,111,20,7,4
1514,335,1,45,88,29,76,13,7,4
472,111,1,29,29,9,23,3,4,2
1783,411,1,47,99,27,84,27,8,4
634,126,1,45,38,6,34,5,5,3
1545,319,1,47,85,32,65,19,8,4
1148,244,1,43,50,12,55,24,7,4
2293,488,1,51,143,36,94,24,9,5
1801,399,1,50,108,24,64,31,7,4
2416,521,1,55,144,46,95,27,8,4
569,123,1,50,31,10,25,12,4,2
1538,382,1,46,100,25,77,14,7,4
2176,521,1,59,113,25,106,26,8,4
2038,422,1,54,111,31,81,26,8,4
3479,738,1,60,213,53,154,54,9,5
1680,361,1,46,98,21,83,34,7,4
1862,395,1,55,93,41,83,26,8,4
1720,376,1,42,83,30,72,25,7,4
2063,497,1,37,87,24,108,44,8,4
1711,368,1,58,99,17,83,23,8,4
2648,560,1,62,150,46,111,47,8,4
1755,363,1,54,99,31,74,18,8,4
1304,280,1,45,80,18,62,15,7,4
762,150,1,33,47,12,25,7,5,3
695,165,1,38,40,14,37,8,5,3
1812,377,1,45,107,38,77,20,8,4
775,190,1,43,38,15,35,17,5,3
1093,269,1,41,71,18,58,9,6,3
1219,315,1,39,62,14,78,21,7,4
1476,305,1,57,94,21,55,17,7,4
2824,553,1,57,188,48,100,35,8,4
1710,400,1,44,93,20,86,20,7,4
2354,524,1,64,124,23,116,44,8,4
1437,340,1,53,89,20,56,23,7,4
1756,387,1,54,103,26,74,40,8,4
2121,431,1,57,133,33,93,22,8,4
955,206,1,44,54,16,35,19,5,3
2192,437,1,61,144,24,90,20,8,4
1860,426,1,57,125,21,81,19,7,4
1552,341,1,51,104,21,66,26,7,4
2369,531,1,52,117,38,115,40,10,5
1166,248,1,45,69,15,47,15,7,4
1688,362,1,48,104,21,83,24,8,4
1385,299,1,49,88,20,55,16,7,4
1176,275,1,51,61,26,62,24,7,4
1998,453,1,49,116,28,87,30,8,4
1273,274,1,47,74,21,58,21,7,4
2577,534,1,58,136,44,108,44,10,5
960,193,1,41,66,23,28,7,6,3
1826,407,1,50,101,30,75,23,7,4
1280,298,1,41,70,21,57,19,6,3
790,201,1,40,43,11,48,13,5,3
1457,316,1,50,81,10,74,17,7,4
1395,321,1,36,77,32,59,29,8,4
2013,438,1,39,95,39,95,47,8,4
1181,254,1,54,84,11,47,12,7,4
1142,246,1,48,63,15,48,14,8,4
1953,431,1,56,120,18,86,24,8,4
2506,632,1,51,132,28,135,41,9,5
1404,352,1,41,73,28,77,20,6,3
704,167,1,29,33,6,38,10,6,3
2956,647,1,58,156,44,136,43,9,5
1837,404,1,50,102,31,80,24,7,4
2031,484,1,53,106,42,101,30,8,4
1625,336,1,52,109,35,58,18,8,4
1451,309,1,49,83,27,55,28,8,4
2412,556,1,53,113,38,119,46,8,4
1822,408,1,46,106,24,73,34,8,4
983,221,1,46,60,25,45,17,5,3
2420,574,1,51,135,25,119,47,8,4
1391,328,1,46,78,17,70,28,7,4
1268,283,1,50,75,25,47,14,7,4
1840,429,1,45,110,25,93,15,7,4
2422,524,1,50,115,44,105,45,9,5
1956,430,1,50,94,32,97,27,8,4
1368,310,1,46,73,23,68,24,6,3
2012,444,1,50,110,27,104,29,8,4
1187,293,1,48,55,15,70,21,7,4
2468,526,1,56,165,37,99,22,8,4
1732,369,1,49,95,30,73,25,7,4
1835,399,1,62,109,24,81,23,9,5
1992,396,1,59,111,28,79,23,9,5
2246,450,1,58,133,31,99,27,8,4
1233,263,1,46,61,15,62,14,7,4
1765,402,1,53,106,18,85,32,8,4
1630,390,1,45,79,31,97,27,7,4
1363,322,1,47,61,10,66,26,7,4
2383,512,1,60,152,44,100,28,8,4
1334,295,1,46,90,22,54,22,7,4
1783,386,1,59,110,20,68,31,8,4
1940,392,1,53,117,35,70,32,9,5
1175,264,1,44,66,19,58,14,7,4
1881,419,1,57,104,30,71,30,8,4
1445,301,1,47,76,18,64,25,7,4
2097,435,1,51,132,28,80,16,8,4
1829,398,1,54,125,24,67,32,8,4
1021,222,1,50,64,17,35,14,6,3
1510,313,1,53,92,18,52,12,7,4
890,223,1,40,44,9,54,12,5,3
1303,306,1,40,73,20,63,13,7,4
2385,550,1,56,129,30,101,53,9,5
281,63,1,38,22,2,12,1,3,2
2624,550,1,63,161,27,113,34,10,5
1523,343,1,42,80,24,67,29,7,4
1840,400,1,49,101,33,85,24,8,4
2584,537,1,48,136,54,103,47,9,5
2138,437,1,53,121,35,84,21,9,5
2449,523,1,61,161,28,98,29,9,5
1060,227,1,47,69,23,49,8,7,4
1997,464,1,51,116,24,93,27,8,4
1652,354,1,41,88,28,68,21,8,4
2125,506,1,51,117,26,109,19,8,4
2210,472,1,48,127,33,82,18,8,4
1689,377,1,45,92,29,70,16,7,4
1442,330,1,46,83,32,72,14,7,4
2267,486,1,57,144,27,103,39,7,4
1669,355,1,61,108,22,74,19,8,4
2841,573,1,58,163,47,104,25,8,4
2001,442,1,51,110,39,89,33,8,4
2384,529,1,52,144,32,97,42,8,4
2109,482,1,61,114,22,95,26,8,4
2010,450,1,44,101,24,106,21,7,4
1559,335,1,51,80,20,75,33,8,4
496,127,1,35,25,3,32,8,5,3
1779,398,1,50,102,25,84,34,8,4
1855,365,1,50,107,30,65,29,8,4
1527,353,1,44,87,15,63,23,8,4
989,233,1,46,51,23,57,9,6,3
1654,360,1,49,97,26,72,25,8,4
2038,418,1,51,117,44,74,24,8,4
2612,537,1,49,151,37,106,29,8,4
2400,494,1,50,139,33,114,24,8,4
1789,397,1,47,104,26,78,38,7,4
1804,368,1,59,99,22,72,28,8,4
1402,323,1,47,93,24,65,15,7,4
2475,532,1,56,155,53,111,21,10,5
1439,321,1,53,81,15,72,20,7,4
1786,413,1,48,88,28,93,23,8,4
1514,329,1,42,92,18,66,17,7,4
1707,393,1,46,85,37,80,45,8,4
3283,652,1,55,189,55,115,43,8,4
1610,400,1,46,85,27,84,29,5,3
1489,343,1,41,85,22,81,15,7,4
1408,347,1,41,67,22,83,18,7,4
3113,642,1,58,190,34,137,29,9,5
2133,468,1,51,107,33,98,31,8,4
1304,286,1,52,88,11,65,17,7,4
1781,378,1,59,114,29,76,20,8,4
3020,706,1,60,169,39,143,52,8,4
1506,345,1,54,81,22,77,30,8,4
2495,529,1,58,134,40,97,31,9,5
1457,281,1,52,88,33,53,24,8,4
903,215,1,43,52,4,51,11,7,4
2444,527,1,56,134,38,114,31,9,5
1724,348,1,53,95,33,72,27,8,4
1227,277,1,43,77,16,57,15,7,4
2138,456,1,53,143,28,80,21,8,4
1677,360,1,53,99,31,89,16,8,4
1877,426,1,54,122,24,84,25,8,4
3161,680,1,63,180,59,128,46,10,5
1050,259,1,42,49,20,62,16,6,3
1351,321,1,49,88,15,61,13,7,4
1118,266,1,46,60,21,50,21,7,4
1755,404,1,43,102,22,85,31,7,4
1670,354,1,42,94,22,81,15,8,4
1025,221,1,46,67,8,50,8,6,3
521,127,1,30,35,4,27,6,4,2
1232,254,1,50,82,15,47,9,7,4
858,218,1,40,45,13,42,16,5,3
1262,271,1,54,81,19,46,18,7,4
1211,255,1,44,65,27,56,17,7,4
926,195,1,46,48,15,42,8,6,3
40,8,1,21,2,1,3,0,2,1
815,180,1,50,44,10,38,14,5,3
2448,540,1,47,135,34,104,34,8,4
2237,470,1,55,114,49,97,26,8,4
1152,262,1,37,68,22,49,19,7,4
2995,592,1,53,152,46,113,48,9,5
2048,427,1,48,131,43,83,22,8,4
1615,364,1,56,89,20,85,34,7,4
1579,342,1,48,87,24,64,19,7,4
1500,307,1,45,98,18,82,21,8,4
1134,237,1,52,66,16,51,17,7,4
2902,606,1,63,179,43,108,28,8,4
1440,319,1,48,76,17,74,17,7,4
2206,455,1,59,135,40,97,34,8,4
1323,271,1,50,71,20,65,8,7,4
1733,405,1,42,89,24,92,21,6,3
576,159,1,31,36,8,36,10,3,2
2040,452,1,51,139,31,100,16,7,4
2202,456,1,57,126,32,94,28,8,4
2035,468,1,50,107,28,99,21,9,5
1999,465,1,51,106,30,86,24,8,4
1465,307,1,55,86,26,53,14,8,4
2124,470,1,53,128,42,85,37,8,4
1125,245,1,51,62,14,56,14,6,3
2266,489,1,59,104,27,113,20,9,5
1108,247,1,49,67,21,49,15,7,4
3105,617,1,59,197,51,105,20,9,5
1827,441,1,52,98,31,83,21,8,4
1518,315,1,50,86,28,61,27,7,4
1190,273,1,43,70,16,56,16,6,3
1425,302,1,41,68,25,60,40,7,4
1832,420,1,36,92,30,90,35,8,4
2366,532,1,54,121,43,114,54,10,5
1728,381,1,37,93,28,84,18,7,4
1427,306,1,51,76,35,69,10,7,4
680,164,1,32,33,14,32,9,6,3
691,170,1,42,40,10,31,12,5,3
1524,353,1,48,98,24,59,23,6,3
2514,550,1,55,120,49,126,45,8,4
1975,416,1,55,95,37,85,27,8,4
1883,423,1,50,107,30,86,30,7,4
1647,348,1,47,99,26,65,26,7,4
686,158,1,37,42,7,33,10,5,3
1356,289,1,47,91,12,56,20,7,4
2124,482,1,44,118,30,107,24,7,4
1628,378,1,52,98,21,73,21,7,4
3309,700,1,54,216,50,132,35,8,4
1994,427,1,48,109,26,100,51,7,4
1627,375,1,49,91,26,83,22,7,4
1483,305,1,42,81,13,57,27,7,4
1650,344,1,53,115,15,76,12,7,4
1403,329,1,45,81,22,64,23,7,4
2491,498,1,58,134,52,89,45,10,5
2099,446,1,51,117,26,85,26,8,4
1790,392,1,60,116,30,74,25,8,4
1472,347,1,44,79,19,72,22,7,4
1464,340,1,45,69,15,76,25,6,3
708,166,1,35,31,18,38,12,5,3
1093,256,1,44,63,13,52,16,7,4
3091,596,1,57,183,40,111,24,10,5
951,219,1,44,53,21,47,4,5,3
1204,257,1,49,75,15,51,12,7,4
917,212,1,36,44,17,38,21,5,3
1331,332,1,46,55,19,85,25,6,3
2242,506,1,50,128,33,103,25,8,4
2268,468,1,62,149,23,93,30,8,4
2027,466,1,48,102,45,93,35,8,4
2016,439,1,54,114,38,87,22,8,4
2426,503,1,58,122,40,110,46,9,5
1532,327,1,49,95,14,56,28,7,4
1740,387,1,47,86,46,71,29,8,4
2413,566,1,56,149,41,108,48,7,4
2327,482,1,57,130,34,104,28,9,5
1364,284,1,58,92,23,46,18,7,4
2182,474,1,47,132,27,101,39,9,5
1384,342,1,33,58,19,87,25,6,3
2620,619,1,48,131,41,125,62,9,5
1867,392,1,49,111,36,74,21,7,4
1539,335,1,51,76,30,72,22,7,4
1439,305,1,48,83,16,72,25,7,4
1952,441,1,44,93,33,99,25,8,4
1306,309,1,46,59,19,67,22,7,4
1929,402,1,55,107,31,98,22,7,4
1945,410,1,53,114,22,81,13,8,4
1273,285,1,46,82,16,60,12,7,4
1733,334,1,61,124,23,58,12,7,4
1001,237,1,44,59,5,42,8,7,4
2293,455,1,61,153,32,91,19,8,4
2494,515,1,62,153,34,111,36,9,5
1995,419,1,56,134,35,70,26,8,4
101,23,1,24,7,2,5,0,2,1
1209,284,1,40,57,21,64,14,6,3
1618,369,1,57,72,22,73,36,7,4
912,203,1,38,52,19,42,9,6,3
1982,413,1,52,117,35,81,33,8,4
1947,464,1,53,100,37,100,31,7,4
379,90,1,29,20,5,20,7,3,2
1532,348,1,46,89,17,74,33,6,3
2336,489,1,55,133,47,87,26,8,4
1294,275,1,40,70,21,50,20,8,4
1248,290,1,52,76,14,51,14,7,4
2153,466,1,58,145,22,84,24,7,4
1521,346,1,52,78,30,62,27,7,4
1566,357,1,52,80,38,67,30,7,4
1984,430,1,52,108,33,92,24,7,4
1137,266,1,44,74,15,54,9,6,3
1416,303,1,45,85,26,59,18,7,4
1506,334,1,50,95,26,65,15,8,4
1595,321,1,47,86,25,57,17,7,4
870,187,1,43,56,13,31,6,7,4
1823,373,1,50,110,44,66,21,8,4
1615,339,1,57,100,26,69,12,7,4
1220,259,1,39,72,16,59,11,7,4
2384,511,1,62,158,51,87,28,10,5
1106,278,1,41,58,12,62,12,6,3
525,128,1,42,31,5,25,3,5,3
2145,461,1,53,123,32,104,34,8,4
1525,362,1,47,98,18,77,24,7,4
882,180,1,46,47,9,43,13,5,3
1762,374,1,53,89,32,69,34,7,4
2160,459,1,55,127,31,97,30,8,4
1391,311,1,44,94,22,67,12,7,4
2368,467,1,58,163,21,84,20,8,4
1831,390,1,47,109,20,92,19,8,4
1721,405,1,49,101,27,80,23,8,4
997,207,1,41,62,21,36,11,6,3
2150,485,1,55,131,33,112,33,8,4
2307,498,1,54,118,38,105,46,8,4
1339,309,1,50,61,16,70,40,7,4
1424,324,1,43,85,21,64,30,7,4
2419,522,1,54,144,34,95,31,8,4
2311,531,1,54,123,38,109,30,7,4
1465,367,1,46,84,24,74,15,7,4
1356,307,1,45,73,26,69,17,6,3
1222,276,1,45,77,11,63,10,7,4
1978,413,1,47,97,32,87,39,8,4
1435,305,1,52,81,30,62,13,7,4
1450,316,1,51,101,15,63,17,8,4
2903,647,1,48,144,48,141,66,8,4
2625,533,1,61,195,34,94,27,10,5
1762,406,1,54,95,21,86,25,8,4
1995,405,1,55,125,26,76,29,8,4
1593,352,1,60,97,24,78,21,7,4
593,129,1,39,37,3,30,3,6,3
1078,235,1,38,57,18,52,18,7,4
2410,491,1,52,139,38,94,35,8,4
1746,405,1,58,106,28,73,37,8,4
1146,282,1,37,42,22,59,20,6,3
2943,620,1,52,156,45,156,49,8,4
1530,304,1,52,88,28,64,12,8,4
1939,404,1,49,112,34,72,31,9,5
1214,256,1,47,71,25,53,16,6,3
1099,260,1,44,71,17,53,16,7,4
1217,302,1,41,67,20,66,30,7,4
1769,390,1,48,99,24,75,31,7,4
1043,221,1,51,67,19,39,10,7,4
1251,304,1,43,58,16,81,20,7,4
2097,444,1,53,97,35,92,38,7,4
1582,386,1,47,84,32,89,27,7,4
1515,318,1,48,105,34,49,15,7,4
2426,507,1,54,157,42,102,26,10,5
1185,273,1,46,87,19,48,10,5,3
1068,239,1,41,51,9,59,19,6,3
2050,427,1,47,106,38,89,31,8,4
2196,483,1,49,123,45,91,42,8,4
1642,384,1,53,100,13,79,23,7,4
1493,344,1,48,74,31,62,23,8,4
1207,286,1,44,68,9,62,16,6,3
1142,243,1,49,73,10,41,14,7,4
817,192,1,32,43,11,34,14,5,3
1068,229,1,44,58,10,40,18,6,3
1947,408,1,56,129,29,73,37,8,4
1774,402,1,51,90,20,78,31,8,4
1716,387,1,39,94,20,88,23,7,4
1978,442,1,52,110,30,85,25,7,4
3867,750,1,65,232,43,149,50,9,5
1508,356,1,47,82,15,66,22,7,4
1597,331,1,50,100,28,47,16,7,4
1444,331,1,47,87,21,64,17,7,4
1308,328,1,41,76,15,73,37,7,4
1629,376,1,43,92,21,74,25,8,4
1521,347,1,49,80,16,71,12,7,4
1798,417,1,48,103,17,93,19,7,4
2460,527,1,59,138,31,97,36,8,4
1345,300,1,52,69,24,63,14,7,4
1706,339,1,51,106,24,55,21,7,4
73,16,1,23,4,2,6,0,2,1
678,158,1,40,38,15,29,10,5,3
1730,372,1,44,92,18,71,20,7,4
1789,384,1,51,105,25,82,18,7,4
1733,333,1,52,99,22,77,23,7,4
2764,593,1,53,161,45,127,33,8,4
1761,379,1,45,127,33,75,11,7,4
937,200,1,56,53,16,39,5,5,3
1819,412,1,36,97,31,80,27,7,4
1854,415,1,46,98,28,82,22,7,4
2493,526,1,54,139,41,123,26,9,5
2286,529,1,56,134,34,112,34,8,4
2393,548,1,50,127,33,117,37,8,4
2309,468,1,52,121,39,90,41,8,4
2475,504,1,61,167,43,84,30,10,5
1627,369,1,49,89,32,76,32,7,4
1446,329,1,50,92,23,70,15,7,4
2174,478,1,56,121,47,100,35,8,4
879,183,1,48,53,17,38,6,6,3
2039,418,1,57,140,42,86,15,7,4
2066,466,1,51,106,43,102,25,8,4
1252,265,1,41,76,20,51,12,7,4
1099,255,1,41,61,19,49,14,7,4
1874,421,1,46,104,26,88,34,7,4
1352,319,1,42,76,17,67,15,7,4
2053,486,1,56,104,33,100,34,7,4
1801,365,1,53,118,34,75,20,8,4
2723,557,1,47,147,43,107,49,9,5
2779,590,1,55,160,42,129,27,8,4
1118,257,1,50,56,13,60,13,7,4
2021,414,1,52,125,27,76,21,8,4
1677,367,1,49,91,19,78,18,7,4
631,148,1,41,33,10,33,10,5,3
1162,262,1,43,68,13,60,10,8,4
1558,351,1,51,101,22,68,23,7,4
1995,477,1,55,107,26,103,41,7,4
1733,379,1,49,93,27,80,15,7,4
1900,387,1,49,104,34,86,15,9,5
1960,488,1,50,103,28,114,40,8,4
2192,528,1,46,123,23,112,40,8,4
3040,628,1,54,153,51,145,50,9,5
1312,297,1,44,79,18,56,14,7,4
1678,403,1,48,102,22,92,18,8,4
2394,524,1,56,144,43,99,29,8,4
444,101,1,39,21,8,24,8,4,2
612,148,1,43,31,10,33,12,5,3
1616,377,1,48,83,23,82,27,7,4
1147,235,1,49,72,25,49,13,7,4
1618,368,1,59,99,41,64,21,8,4
921,197,1,40,42,22,44,10,6,3
1493,270,1,48,94,23,57,11,7,4
761,170,1,41,37,6,35,21,5,3
2126,461,1,51,117,21,90,35,7,4
1392,344,1,51,82,14,70,18,7,4
1940,417,1,52,111,17,89,35,7,4
812,213,1,32,57,18,38,14,5,3
985,213,1,45,45,15,48,11,7,4
1191,242,1,50,86,12,46,19,7,4
3285,696,1,61,214,62,145,39,9,5
1554,306,1,51,101,17,57,12,8,4
827,196,1,57,55,13,37,13,5,3
2021,460,1,51,96,30,92,37,7,4
1955,438,1,49,103,32,87,31,8,4
1707,373,1,56,118,29,70,12,6,3
1102,260,1,44,62,13,55,15,6,3
1091,259,1,42,78,8,52,11,6,3
1734,403,1,44,95,36,70,35,8,4
2042,437,1,47,141,18,82,14,8,4
1534,345,1,47,77,19,79,16,7,4
1181,268,1,41,61,23,56,25,5,3
1952,418,1,46,103,28,88,30,8,4
1445,329,1,46,77,19,74,21,7,4
1993,431,1,48,109,24,93,33,8,4
1947,438,1,48,93,32,98,32,7,4
2772,563,1,61,178,34,96,27,9,5
826,191,1,46,43,15,41,8,6,3
727,190,1,46,41,12,45,8,7,4
1272,266,1,49,76,24,48,25,7,4
774,187,1,33,39,16,29,13,5,3
1266,293,1,47,65,23,58,24,7,4
1957,451,1,53,111,23,91,33,9,5
1136,250,1,42,74,18,52,10,6,3
1201,258,1,40,60,18,54,18,7,4
1386,290,1,49,76,22,69,11,9,5
2171,432,1,54,120,27,93,27,9,5
1776,399,1,54,93,52,86,28,7,4
795,181,1,39,38,9,39,6,5,3
1881,411,1,53,104,29,83,18,8,4
1718,391,1,48,107,16,81,18,7,4
681,178,1,29,35,15,27,13,4,2
1960,452,1,54,101,31,88,28,8,4
1592,320,1,52,90,25,64,14,8,4
1689,355,1,53,107,24,77,18,7,4
1335,297,1,50,76,23,54,15,7,4
864,208,1,42,53,17,42,12,5,3
1278,311,1,47,67,18,64,18,6,3
1066,237,1,43,62,12,44,15,6,3
1971,451,1,50,118,32,91,25,7,4
2486,532,1,51,147,36,87,44,8,4
1649,322,1,48,93,22,56,27,7,4
1601,371,1,45,87,16,79,17,7,4
1397,306,1,44,85,14,60,10,8,4
1436,295,1,47,79,27,75,18,9,5
879,181,1,53,73,9,26,3,5,3
1226,276,1,38,64,22,57,16,7,4
2155,453,1,61,132,28,72,23,8,4
1359,320,1,53,76,17,66,19,7,4
1047,228,1,46,65,21,48,13,8,4
1359,302,1,53,69,16,61,17,7,4
2172,450,1,51,132,28,94,32,8,4
979,214,1,42,51,19,41,14,6,3
1797,429,1,47,108,15,94,32,8,4
1692,394,1,46,87,9,77,19,8,4
1566,343,1,48,80,23,80,26,7,4
1883,405,1,49,114,24,85,21,8,4
2214,455,1,57,122,44,86,27,9,5
1207,264,1,45,71,17,54,13,7,4
829,197,1,43,41,18,41,16,5,3
1664,385,1,47,80,24,87,23,7,4
1928,442,1,50,97,38,85,36,8,4
946,246,1,40,50,14,63,6,6,3
1932,420,1,52,115,27,81,25,7,4
1529,367,1,55,90,14,80,19,8,4
1951,397,1,50,114,33,80,32,8,4
1998,451,1,54,98,33,98,30,7,4
1657,383,1,47,87,28,86,23,7,4
1199,256,1,39,62,19,56,14,7,4
1932,425,1,53,104,26,91,35,8,4
571,121,1,46,35,6,25,9,5,3
1040,222,1,53,50,23,39,18,7,4
1733,425,1,44,101,23,92,27,7,4
1021,241,1,41,56,14,48,6,7,4
1178,278,1,43,65,24,56,18,7,4
2343,561,1,47,124,28,126,29,7,4
1384,333,1,44,66,16,68,26,7,4
2117,486,1,47,123,24,119,23,8,4
1509,357,1,43,69,14,79,11,7,4
2337,517,1,54,133,36,118,28,9,5
2209,516,1,55,112,40,111,29,8,4
1581,317,1,44,96,15,74,18,7,4
1659,321,1,40,94,21,64,14,7,4
1769,403,1,51,98,34,81,22,8,4
1343,328,1,44,52,11,82,21,7,4
1315,286,1,49,77,14,59,17,8,4
1730,397,1,48,81,32,80,32,7,4
1648,365,1,49,92,32,81,20,8,4
759,175,1,36,41,8,32,6,5,3
720,171,1,30,35,11,40,12,5,3
1408,324,1,43,77,16,64,13,7,4
1540,327,1,44,80,29,67,28,7,4
1680,375,1,45,94,24,82,14,8,4
1134,258,1,49,62,14,55,11,7,4
1598,342,1,59,107,23,71,18,7,4
954,238,1,41,55,15,44,18,5,3
3598,774,1,66,201,44,140,67,10,5
1109,276,1,43,65,11,58,5,7,4
1558,344,1,53,80,26,75,18,7,4
724,162,1,39,32,9,33,17,5,3
1765,384,1,57,125,23,60,13,7,4
925,233,1,43,53,6,51,9,6,3
1950,445,1,48,93,32,86,44,7,4
2003,423,1,44,120,22,82,20,8,4
1417,337,1,60,97,15,57,23,7,4
1592,360,1,48,81,33,84,22,8,4
2544,539,1,57,171,38,104,15,8,4
1812,404,1,55,96,22,88,32,9,5
1974,443,1,46,87,27,85,53,8,4
1740,388,1,50,118,26,72,7,8,4
1472,338,1,47,85,21,69,16,8,4
1929,406,1,51,121,45,73,30,8,4
637,161,1,39,39,6,35,5,7,4
1436,331,1,50,74,7,66,25,8,4
1245,258,1,42,78,21,58,13,7,4
2172,471,1,55,123,36,87,30,8,4
1190,261,1,38,58,21,59,12,6,3
2576,562,1,54,112,46,122,72,8,4
1818,389,1,51,106,36,86,26,8,4
2817,576,1,60,144,44,114,48,8,4
2466,544,1,48,160,31,94,38,8,4
1173,240,1,55,86,7,47,8,7,4
784,174,1,45,53,11,35,6,5,3
1527,351,1,47,91,18,69,26,8,4
691,155,1,33,36,11,27,12,5,3
1515,341,1,49,93,23,62,12,7,4
912,202,1,40,47,14,45,10,6,3
2404,536,1,48,141,52,92,26,8,4
2171,503,1,49,118,33,105,28,7,4
1326,313,1,42,82,19,65,19,8,4
558,119,1,46,31,5,18,16,7,4
2161,465,1,48,112,44,96,36,8,4
2158,456,1,48,87,34,118,38,8,4
1729,406,1,56,81,28,84,19,8,4
1778,399,1,49,93,34,80,25,7,4
1136,244,1,44,68,18,42,10,5,3
1547,339,1,50,81,34,64,16,8,4
2069,473,1,49,112,36,86,29,7,4
1537,307,1,47,88,20,64,19,7,4
2415,566,1,61,169,38,117,27,8,4
2058,449,1,54,112,25,87,32,8,4
1513,322,1,56,103,10,67,14,8,4
2068,463,1,43,112,30,95,34,8,4
1464,336,1,48,72,31,72,24,7,4
1011,215,1,43,59,16,42,11,7,4
1836,422,1,53,94,24,94,24,7,4
2034,456,1,48,114,21,91,31,8,4
1519,351,1,51,89,19,74,27,7,4
1474,343,1,49,77,19,78,23,7,4
899,209,1,39,48,13,46,14,6,3
1269,279,1,42,68,30,52,25,7,4
1793,366,1,52,104,20,76,30,8,4
2404,518,1,57,140,31,103,29,8,4
1408,314,1,45,76,29,68,14,7,4
1850,383,1,54,102,29,82,26,8,4
1577,355,1,47,96,26,61,22,7,4
1860,369,1,47,104,21,78,17,8,4
1547,362,1,49,87,20,65,34,8,4
1270,272,1,46,76,17,56,13,7,4
2122,452,1,55,108,36,93,33,8,4
1105,224,1,44,67,14,49,10,7,4
2512,573,1,60,133,28,124,34,8,4
1081,246,1,46,64,17,49,6,6,3
1094,251,1,41,56,14,54,17,7,4
1471,352,1,47,101,22,71,14,7,4
1885,439,1,44,98,42,83,30,7,4
2593,536,1,48,151,34,90,41,8,4
1390,325,1,49,70,11,80,16,7,4
1874,448,1,47,116,22,88,22,8,4
2344,503,1,50,140,32,87,30,8,4
1883,425,1,37,108,34,91,27,7,4
1792,388,1,47,116,26,72,28,7,4
979,216,1,48,71,16,46,9,6,3
872,188,1,39,46,15,35,12,6,3
2460,520,1,58,139,28,111,32,8,4
2004,430,1,63,117,19,84,37,8,4
1513,312,1,39,72,29,65,26,7,4
2124,477,1,47,115,41,103,38,8,4
2300,513,1,51,118,34,114,44,8,4
2298,481,1,58,145,27,88,39,9,5
1193,283,1,45,66,12,60,10,6,3
2595,551,1,53,163,30,88,30,8,4
2072,455,1,45,122,42,95,9,7,4
1340,286,1,50,66,22,71,12,7,4
1742,360,1,52,86,43,82,24,7,4
1524,364,1,43,90,15,67,23,7,4
1014,224,1,50,70,19,33,23,6,3
1820,417,1,54,113,21,79,29,8,4
1343,294,1,45,72,33,69,22,7,4
1534,332,1,47,108,21,63,14,7,4
2375,498,1,53,120,42,90,43,9,5
1681,404,1,55,93,23,77,25,7,4
1645,384,1,48,99,28,67,30,7,4
1497,309,1,54,81,24,64,15,7,4
2140,505,1,50,113,27,103,39,8,4
2734,669,1,46,144,28,147,49,8,4
1328,284,1,53,101,15,41,3,7,4
1904,422,1,47,87,46,77,38,8,4
2164,488,1,56,124,31,100,29,8,4
1389,325,1,44,79,29,64,12,7,4
1144,265,1,46,64,14,54,15,5,3
853,196,1,44,41,9,47,13,7,4
1854,419,1,55,111,26,85,32,8,4
978,203,1,48,61,18,41,21,5,3
1996,440,1,57,109,32,105,21,9,5
975,208,1,53,66,15,39,12,6,3
1671,353,1,43,107,26,71,21,8,4
1421,304,1,46,71,25,64,19,7,4
1530,330,1,46,91,29,69,31,7,4
1141,243,1,50,68,17,41,14,7,4
1343,308,1,44,75,22,67,17,7,4
1646,373,1,55,91,21,81,30,7,4
1836,387,1,56,94,39,81,33,8,4
1862,365,1,56,127,28,62,24,8,4
2764,621,1,57,168,26,109,42,10,5
1144,242,1,51,74,24,41,18,7,4
1230,294,1,39,64,19,69,16,7,4
771,173,1,48,46,8,39,6,4,2
1559,327,1,49,73,24,75,25,8,4
1441,353,1,40,86,21,63,28,7,4
1411,331,1,39,80,21,75,16,7,4
2050,485,1,51,121,49,105,35,8,4
967,227,1,44,60,23,61,10,5,3
1764,337,1,59,102,35,61,23,8,4
533,117,1,41,33,7,21,5,5,3
2844,586,1,45,158,60,118,40,8,4
1693,366,1,49,115,18,70,23,7,4
1797,377,1,50,108,38,78,21,8,4
1444,340,1,44,70,26,81,24,7,4
93,20,1,25,7,2,3,1,2,1
2337,519,1,47,127,42,99,32,8,4
2429,500,1,59,164,50,84,42,8,4
2232,538,1,58,136,23,106,26,8,4
1342,333,1,48,75,7,72,28,7,4
1830,457,1,58,123,21,75,31,7,4
418,98,1,40,29,14,16,2,4,2
2384,478,1,55,125,45,98,41,8,4
1631,347,1,44,93,16,67,21,7,4
763,180,1,41,49,8,38,7,6,3
1769,385,1,54,106,28,81,22,7,4
1347,324,1,43,67,22,70,23,7,4
1384,299,1,60,102,19,59,9,7,4
1888,400,1,60,111,22,73,38,8,4
1326,314,1,41,67,24,58,25,7,4
2959,630,1,63,175,42,135,31,10,5
994,228,1,45,60,18,42,11,5,3
966,202,1,42,54,11,43,12,6,3
1975,408,1,53,124,30,82,17,8,4
2088,453,1,52,116,38,95,34,8,4
2270,472,1,53,131,31,85,25,8,4
1972,464,1,44,124,33,86,19,8,4
1802,424,1,50,101,30,82,35,7,4
1283,259,1,43,73,23,51,10,7,4
1816,420,1,49,97,25,107,36,8,4
823,187,1,51,52,9,37,8,7,4
1939,423,1,55,116,26,85,27,8,4
2537,525,1,47,140,31,100,36,10,5
1388,296,1,45,85,25,60,17,7,4
1288,272,1,43,61,29,47,28,7,4
1704,398,1,42,90,36,75,22,7,4
2939,665,1,57,160,49,131,50,8,4
1928,422,1,56,101,29,86,33,8,4
1346,332,1,40,50,16,81,31,7,4
1090,231,1,50,61,18,39,13,6,3
1390,344,1,39,66,20,62,21,7,4
2292,481,1,56,163,38,76,34,10,5
543,145,1,40,37,6,24,3,5,3
1789,410,1,51,91,39,92,29,8,4
2232,478,1,59,149,32,103,36,8,4
1317,266,1,40,78,20,59,11,7,4
1462,336,1,53,77,14,68,17,8,4
2647,525,1,61,162,43,95,30,10,5
3030,636,1,58,177,40,117,46,9,5
1325,301,1,54,73,9,66,28,7,4
2289,490,1,47,123,55,92,36,9,5
1767,364,1,48,104,23,79,15,8,4
1856,387,1,48,108,19,88,25,7,4
1833,399,1,48,93,34,89,23,8,4
1432,272,1,51,86,16,59,18,7,4
1672,381,1,45,99,33,78,28,8,4
1976,425,1,59,117,21,86,28,8,4
1336,313,1,47,73,15,63,23,7,4
1791,412,1,48,86,24,88,25,6,3
2302,477,1,53,131,26,103,27,9,5
1670,343,1,52,109,17,63,18,8,4
2271,495,1,57,120,47,104,28,8,4
1422,311,1,52,79,12,73,12,7,4
1576,350,1,42,90,30,74,22,7,4
2277,468,1,60,142,30,90,31,8,4
2251,463,1,55,140,39,79,44,8,4
624,136,1,34,33,10,31,11,3,2
1421,300,1,54,91,27,65,11,8,4
2509,525,1,54,145,39,103,33,8,4
1126,240,1,40,66,19,43,5,7,4
2433,528,1,59,145,36,104,36,8,4
1614,358,1,51,103,21,69,20,7,4
1569,368,1,56,107,19,77,15,7,4
1669,346,1,49,97,21,71,28,8,4
1514,337,1,39,77,18,77,25,7,4
2019,488,1,46,105,29,92,33,8,4
1392,325,1,45,68,16,70,12,7,4
1514,349,1,50,81,18,77,22,7,4
813,189,1,41,47,17,30,11,5,3
2284,490,1,51,120,36,107,37,9,5
1630,353,1,50,96,19,76,17,8,4
2471,507,1,59,156,42,94,27,8,4
2126,453,1,61,146,38,73,32,8,4
1814,416,1,56,119,25,79,15,7,4
907,219,1,39,46,15,51,13,7,4
2600,542,1,51,151,48,104,49,8,4
2833,581,1,50,154,45,125,22,8,4
1727,387,1,45,82,22,91,33,8,4
2396,503,1,57,120,45,108,41,8,4
2602,528,1,62,164,48,99,31,9,5
1001,191,1,41,67,15,31,6,5,3
2903,669,1,54,142,30,141,51,8,4
1743,397,1,51,109,19,72,33,9,5
1999,422,1,48,111,31,92,29,7,4
1177,253,1,40,75,11,49,18,7,4
1593,336,1,46,88,24,75,20,7,4
982,201,1,45,49,15,46,11,5,3
1946,434,1,42,96,26,96,53,7,4
1017,231,1,45,57,20,48,24,6,3
977,215,1,43,57,19,41,20,6,3
1203,257,1,49,62,23,61,12,6,3
1711,352,1,47,100,31,62,21,8,4
1873,419,1,58,97,19,83,26,8,4
1185,267,1,42,67,21,50,15,7,4
1293,285,1,44,79,18,50,25,7,4
2704,610,1,63,160,47,128,30,10,5
1104,234,1,46,55,21,50,10,7,4
1622,351,1,51,92,21,81,22,7,4
2165,475,1,53,113,33,100,43,8,4
926,222,1,40,48,20,43,13,6,3
2333,489,1,58,138,44,70,22,9,5
2241,472,1,50,120,38,100,38,9,5
742,185,1,30,38,17,40,6,5,3
1577,385,1,43,76,15,90,27,7,4
2386,421,1,66,152,29,86,29,10,5
2202,448,1,54,120,29,97,20,8,4
1607,365,1,58,103,20,76,17,8,4
1068,261,1,48,70,14,51,11,7,4
1175,271,1,44,59,19,60,17,7,4
1945,420,1,55,134,24,86,28,7,4
2028,435,1,52,120,28,84,34,8,4
2007,441,1,52,122,30,86,22,8,4
1536,352,1,53,80,19,87,23,7,4
2064,448,1,46,111,32,82,44,8,4
1953,457,1,46,113,36,103,26,6,3
1872,411,1,46,89,28,113,28,7,4
2141,417,1,59,134,31,76,36,10,5
2387,498,1,57,148,43,89,26,8,4
1453,336,1,44,84,21,83,18,7,4
1696,369,1,52,109,20,74,20,8,4
1700,403,1,56,91,19,68,23,8,4
1190,269,1,47,62,13,57,20,7,4
1976,391,1,54,109,40,70,32,8,4
938,224,1,45,63,10,42,12,6,3
1576,367,1,54,72,24,82,31,7,4
1722,420,1,48,103,28,81,23,8,4
1182,277,1,48,78,12,55,15,7,4
2385,519,1,56,127,34,104,37,9,5
1432,341,1,52,89,24,67,20,6,3
1028,228,1,43,62,19,40,13,6,3
2286,429,1,56,149,32,87,29,9,5
1539,339,1,53,88,20,60,13,8,4
1252,268,1,44,63,18,62,19,7,4
2930,634,1,51,158,60,110,50,9,5
1558,335,1,42,93,17,67,23,8,4
2049,489,1,41,110,25,100,20,7,4
993,230,1,40,45,12,51,23,5,3
213,53,1,35,11,1,15,3,2,1
1177,260,1,39,75,22,44,15,7,4
1456,336,1,39,80,25,68,11,7,4
1130,252,1,46,70,23,55,21,6,3
1149,247,1,55,67,17,52,14,7,4
2243,483,1,52,135,34,94,39,8,4
2159,491,1,55,125,40,98,45,8,4
1395,303,1,44,77,18,74,7,7,4
1368,301,1,50,61,15,60,23,7,4
2633,599,1,49,162,43,125,30,7,4
1415,311,1,58,91,20,60,17,7,4
1898,402,1,55,94,39,81,20,8,4
2729,587,1,58,134,44,131,49,9,5
1486,331,1,46,88,17,76,21,7,4
1397,301,1,50,71,17,73,27,7,4
1829,379,1,54,106,36,69,23,8,4
1454,322,1,54,76,24,73,17,7,4
750,160,1,45,43,10,34,10,5,3
413,101,1,29,20,6,21,6,4,2
1321,296,1,51,74,16,66,16,8,4
1848,407,1,51,96,33,75,31,8,4
535,126,1,35,29,12,29,8,3,2
1528,341,1,42,83,20,58,16,6,3
2131,454,1,65,126,40,81,23,8,4
2447,478,1,57,143,40,87,14,8,4
2875,586,1,54,169,45,119,38,10,5
3690,728,1,55,182,70,138,63,10,5
1386,333,1,43,79,28,62,13,7,4
1436,341,1,47,64,20,85,31,7,4
1722,368,1,46,90,30,73,20,8,4
790,168,1,45,45,12,33,10,5,3
1230,248,1,52,82,13,53,10,8,4
2028,435,1,56,115,20,100,17,7,4
1788,369,1,55,104,28,77,23,8,4
2123,503,1,50,114,50,119,54,8,4
1917,428,1,53,93,16,95,51,7,4
1223,267,1,39,95,14,40,22,7,4
1941,409,1,45,112,31,87,35,7,4
1686,365,1,54,90,32,75,18,8,4
1330,338,1,35,77,27,66,24,6,3
1669,341,1,56,91,26,70,19,7,4
2090,504,1,54,106,20,108,46,8,4
1176,274,1,47,56,13,55,15,7,4
1563,357,1,42,77,37,71,19,7,4
2571,499,1,59,141,46,102,39,8,4
1645,375,1,46,81,30,75,30,8,4
1125,262,1,40,67,13,48,16,7,4
1939,439,1,44,120,26,82,20,8,4
2942,612,1,54,178,54,124,37,9,5
1075,276,1,42,55,11,71,12,7,4
1883,422,1,59,118,17,101,32,8,4
1562,332,1,47,87,29,70,17,7,4
1894,415,1,58,121,23,88,32,8,4
1539,350,1,48,85,17,82,29,7,4
2709,559,1,54,148,38,98,46,8,4
2112,455,1,49,117,32,90,24,8,4
912,198,1,45,47,15,38,13,7,4
1988,459,1,51,97,32,92,34,8,4
2066,437,1,49,110,38,84,24,7,4
2260,454,1,54,129,35,89,33,8,4
1888,448,1,41,80,21,94,32,7,4
1095,215,1,50,63,19,36,10,7,4
1705,357,1,55,101,18,84,21,8,4
1089,241,1,54,76,14,51,16,7,4
2542,558,1,52,152,40,94,36,9,5
1652,377,1,50,83,23,84,20,7,4
665,141,1,45,41,14,27,8,5,3
1278,324,1,36,67,11,58,18,5,3
1607,340,1,51,102,17,69,13,7,4
2525,569,1,58,145,34,113,35,8,4
1175,259,1,48,72,14,66,17,6,3
1593,360,1,55,117,19,65,16,8,4
1530,332,1,50,87,23,62,17,8,4
2303,457,1,56,126,43,99,25,9,5
2348,508,1,55,129,44,104,35,8,4
2519,567,1,48,138,34,121,30,8,4
2607,538,1,56,154,41,106,38,9,5
1272,294,1,44,64,12,63,17,6,3
1821,393,1,49,89,27,88,26,8,4
1794,395,1,54,98,38,77,21,8,4
1173,257,1,59,74,15,53,18,7,4
1475,368,1,48,84,24,72,26,7,4
930,212,1,38,45,11,55,11,5,3
2297,504,1,61,127,38,107,27,8,4
1599,360,1,43,75,27,78,22,7,4
1083,245,1,33,53,17,53,20,7,4
1200,269,1,48,70,27,54,15,7,4
1675,393,1,60,107,24,80,14,7,4
1482,348,1,52,79,18,72,16,8,4
1978,459,1,49,115,26,92,23,8,4
2232,451,1,56,128,41,82,21,8,4
911,204,1,40,52,11,46,15,6,3
2111,464,1,55,119,28,97,33,8,4
1611,344,1,51,98,21,69,18,8,4
2146,525,1,42,105,38,112,40,8,4
2112,408,1,54,117,30,76,32,8,4
1044,259,1,41,61,21,48,15,6,3
1144,251,1,37,55,25,60,19,7,4
1382,322,1,41,86,24,69,20,7,4
1581,354,1,46,84,24,72,21,7,4
1674,388,1,51,99,28,82,26,7,4
1446,326,1,40,82,24,75,13,7,4
2455,510,1,51,129,46,96,27,8,4
1637,393,1,44,87,17,87,34,7,4
3235,677,1,63,196,38,128,38,10,5
1201,296,1,40,59,24,57,16,7,4
1577,342,1,45,102,40,60,6,7,4
963,196,1,46,62,14,44,13,6,3
1419,327,1,62,81,8,78,18,8,4
1065,266,1,38,60,23,55,17,6,3
1515,337,1,47,85,32,71,29,8,4
1493,341,1,44,91,12,68,17,8,4
1706,411,1,47,73,34,103,33,7,4
2495,514,1,54,156,28,103,36,9,5
1728,404,1,51,91,23,68,28,7,4
1566,356,1,50,79,26,78,24,7,4
997,235,1,35,50,14,54,10,5,3
2404,545,1,48,149,31,109,31,8,4
1939,435,1,56,118,33,92,28,8,4
1171,240,1,50,66,14,51,19,7,4
1432,270,1,50,75,29,63,23,7,4
1241,271,1,47,67,14,65,26,7,4
431,120,1,39,16,7,25,6,3,2
1699,401,1,51,88,24,84,34,8,4
1670,368,1,52,111,28,67,26,8,4
1386,334,1,43,79,26,78,19,7,4
1306,280,1,51,72,22,63,18,8,4
864,196,1,40,45,18,28,15,7,4
1286,302,1,44,78,24,58,22,7,4
783,175,1,37,45,12,41,11,5,3
3243,699,1,61,192,42,135,38,8,4
1719,369,1,50,94,27,64,29,8,4
2213,476,1,53,122,48,81,39,8,4
352,74,1,27,17,9,15,1,3,2
1907,442,1,54,108,37,72,40,8,4
1275,272,1,46,76,10,55,22,7,4
1150,269,1,38,64,13,56,19,7,4
2437,551,1,50,124,42,109,58,9,5
1270,299,1,43,62,24,58,23,7,4
2428,558,1,55,137,41,100,45,8,4
1850,418,1,60,120,31,73,26,8,4
1731,347,1,56,78,23,75,31,8,4
1265,290,1,46,69,23,59,20,7,4
1465,329,1,57,84,22,71,19,6,3
1547,350,1,54,86,35,76,17,7,4
1610,326,1,44,85,25,60,25,8,4
1702,395,1,52,92,27,75,22,7,4
118,27,1,30,7,0,7,1,2,1
2170,473,1,48,111,42,99,31,8,4
1249,326,1,39,44,18,82,27,5,3
2042,410,1,54,127,45,67,30,8,4
1738,382,1,50,92,44,84,32,7,4
1704,402,1,47,90,19,89,26,8,4
1361,294,1,38,78,16,61,19,7,4
1368,359,1,42,61,18,84,24,7,4
1576,323,1,47,106,26,55,14,7,4
885,231,1,37,53,12,46,14,5,3
1508,333,1,47,90,25,68,6,7,4
2510,537,1,66,147,48,114,36,10,5
893,210,1,36,60,12,35,6,5,3
3108,641,1,54,159,55,128,34,9,5
1368,316,1,41,82,19,63,20,7,4
1677,371,1,53,106,21,76,28,7,4
1207,270,1,50,69,18,54,18,7,4
2314,459,1,61,142,44,89,34,8,4
1587,339,1,35,94,19,67,11,8,4
1045,241,1,45,55,17,53,15,5,3
1614,378,1,51,93,27,85,15,7,4
1807,387,1,43,112,28,69,19,7,4
2355,535,1,63,132,29,100,32,9,5
1624,333,1,57,96,18,79,27,8,4
1719,393,1,54,85,28,85,26,7,4
1954,397,1,58,129,23,69,36,8,4
1812,401,1,52,91,22,82,28,8,4
1954,401,1,45,114,34,78,43,8,4
1404,283,1,47,85,20,55,10,7,4
2147,480,1,51,120,31,99,34,8,4
1734,383,1,49,92,30,84,22,7,4
1786,392,1,54,95,37,74,28,8,4
920,196,1,41,57,16,43,5,7,4
1568,331,1,49,89,20,77,25,7,4
2829,591,1,50,146,45,127,49,8,4
1092,233,1,46,75,17,46,17,5,3
2612,574,1,51,145,48,125,28,8,4
2013,413,1,60,127,38,80,31,10,5
1803,434,1,46,93,26,92,22,7,4
1452,338,1,58,87,20,62,22,7,4
1478,329,1,56,81,20,67,26,7,4
2600,526,1,60,162,44,112,30,8,4
1929,389,1,51,114,26,89,28,8,4
1346,325,1,52,83,16,79,18,7,4
1819,396,1,52,111,35,65,18,8,4
1976,441,1,58,120,26,84,27,8,4
1677,384,1,41,107,29,78,10,7,4
2094,419,1,48,135,17,82,27,8,4
3247,643,1,59,218,43,115,36,10,5
3594,785,1,59,186,67,160,45,10,5
1124,251,1,38,50,14,55,22,6,3
1609,336,1,54,94,26,71,18,7,4
1542,318,1,52,101,30,57,27,8,4
2489,521,1,61,156,38,110,33,8,4
1955,433,1,52,125,27,83,16,7,4
858,197,1,44,41,11,48,14,5,3
1922,425,1,51,116,47,69,43,8,4
1561,365,1,35,79,23,68,32,7,4
1779,403,1,57,118,23,70,24,7,4
1604,346,1,41,107,20,67,12,8,4
1210,259,1,50,85,13,44,18,6,3
1088,270,1,41,60,21,46,19,7,4
1663,347,1,52,110,21,55,15,8,4
1475,305,1,57,93,28,51,13,7,4
1896,432,1,53,93,22,103,31,8,4
1761,353,1,51,104,31,68,17,8,4
1840,413,1,46,89,33,91,29,7,4
1344,296,1,47,76,9,69,23,8,4
2001,476,1,50,105,26,110,31,8,4
1967,436,1,46,121,30,84,41,7,4
1443,350,1,51,88,10,65,17,7,4
2337,503,1,46,123,46,107,36,8,4
2111,422,1,66,131,33,83,19,8,4
1960,396,1,57,128,30,72,21,9,5
1256,298,1,47,74,17,60,22,7,4
2046,511,1,42,95,31,109,28,7,4
927,210,1,43,55,20,40,12,6,3
1333,292,1,45,82,24,64,20,7,4
2272,510,1,51,109,30,100,43,8,4
2320,459,1,56,135,45,73,29,10,5
1578,397,1,43,77,19,81,17,7,4
1724,397,1,51,106,28,68,13,7,4
2173,473,1,63,137,29,77,28,8,4
1523,325,1,53,86,20,65,20,7,4
2363,446,1,62,169,22,84,18,9,5
2167,449,1,54,131,33,85,30,7,4
935,241,1,34,44,14,56,14,6,3
1467,312,1,44,89,19,55,24,7,4
1817,421,1,44,82,44,75,37,7,4
1926,408,1,56,109,41,80,27,8,4
1952,426,1,46,132,21,90,24,8,4
1772,363,1,47,135,7,70,19,7,4
2283,481,1,49,133,30,82,52,8,4
1972,469,1,54,123,37,80,17,7,4
1635,351,1,49,85,30,69,29,8,4
390,100,1,29,17,4,23,2,3,2
2219,470,1,51,144,31,94,28,8,4
1420,328,1,54,78,23,71,27,7,4
2202,435,1,57,123,30,95,33,8,4
2292,507,1,48,128,35,96,33,8,4
797,171,1,44,58,12,30,9,5,3
2013,434,1,44,118,34,96,24,8,4
2041,462,1,54,109,25,88,30,8,4
1611,376,1,39,77,26,73,30,7,4
1991,442,1,46,105,44,87,22,7,4
837,176,1,44,49,18,33,15,7,4
1047,254,1,39,62,20,43,9,7,4
1915,435,1,51,86,35,109,21,7,4
2076,478,1,51,97,22,98,46,8,4
756,174,1,40,37,15,38,4,5,3
1765,358,1,45,102,39,60,22,8,4
2196,464,1,51,115,44,88,22,8,4
1804,418,1,43,95,30,90,29,7,4
1560,331,1,42,103,28,61,9,8,4
2427,509,1,56,146,32,97,44,9,5
1511,317,1,47,73,27,62,19,8,4
2291,521,1,59,129,42,112,31,9,5
1922,437,1,46,94,34,86,50,8,4
1459,348,1,50,78,24,63,29,8,4
1153,260,1,41,64,16,56,17,7,4
1315,311,1,40,69,30,59,23,8,4
2237,531,1,57,141,24,96,48,7,4
1713,375,1,54,103,23,90,21,8,4
1343,293,1,59,94,15,57,6,6,3
1008,234,1,40,61,15,46,11,7,4
1763,396,1,43,110,33,59,23,7,4
2858,642,1,55,173,45,132,41,8,4
3744,778,1,61,239,48,160,33,10,5
1891,446,1,49,102,28,85,30,7,4
1806,395,1,54,97,30,87,21,9,5
397,94,1,35,23,8,23,3,3,2
1683,384,1,45,96,32,85,22,7,4
2632,591,1,54,150,45,110,45,9,5
1842,418,1,51,89,45,79,27,7,4
2104,470,1,56,109,25,103,22,8,4
2289,500,1,53,129,33,92,38,10,5
1751,385,1,50,87,26,86,29,8,4
1364,303,1,53,102,17,54,8,7,4
1678,385,1,44,103,13,85,20,8,4
1678,395,1,39,86,25,85,25,7,4
1513,355,1,47,79,21,70,14,8,4
1714,357,1,49,88,38,70,43,8,4
1689,378,1,55,102,38,69,27,8,4
1230,302,1,43,58,13,71,12,7,4
1510,332,1,43,83,26,66,25,7,4
1387,310,1,44,71,19,66,28,7,4
2113,410,1,56,102,33,85,26,9,5
1225,273,1,48,79,24,46,7,8,4
1480,313,1,40,79,32,69,21,7,4
1742,403,1,45,88,23,92,19,8,4
1983,452,1,52,107,28,96,23,8,4
594,139,1,39,38,8,21,9,5,3
1565,367,1,46,87,16,88,22,6,3
1357,320,1,45,62,13,57,20,7,4
1191,255,1,46,72,12,54,17,6,3
1097,259,1,33,56,20,59,11,7,4
1615,348,1,56,108,18,63,16,8,4
1024,237,1,45,63,16,41,22,5,3
1200,256,1,48,79,27,45,14,7,4
2194,483,1,54,144,38,101,26,8,4
1663,351,1,53,99,21,62,20,8,4
1739,384,1,49,94,36,80,19,7,4
1275,290,1,49,77,12,57,8,7,4
940,203,1,47,67,15,41,6,7,4
1660,367,1,40,95,35,73,21,8,4
2364,523,1,48,126,24,103,35,8,4
1200,279,1,35,72,13,59,10,6,3
1598,351,1,52,86,22,70,22,7,4
1352,312,1,49,73,16,62,31,7,4
1390,319,1,48,63,17,69,25,7,4
1144,258,1,51,69,18,53,14,6,3
2380,547,1,53,127,44,102,44,8,4
365,76,1,32,25,5,16,3,3,2
2047,461,1,53,113,33,90,34,8,4
1318,269,1,51,75,24,55,18,7,4
1108,250,1,46,70,18,37,19,6,3
2367,493,1,59,127,34,99,44,9,5
1498,338,1,47,88,20,86,17,6,3
1331,281,1,39,76,21,56,14,7,4
1719,372,1,58,84,38,67,18,8,4
1422,320,1,45,76,32,63,29,6,3
2544,487,1,56,149,45,94,24,9,5
2067,443,1,59,121,46,83,25,9,5
1769,374,1,49,108,29,67,21,7,4
1705,368,1,50,93,24,70,27,8,4
1682,389,1,41,82,35,84,21,8,4
1977,495,1,48,112,24,82,37,7,4
1282,292,1,50,69,17,71,15,6,3
1860,397,1,49,117,22,68,19,8,4
1805,397,1,51,99,35,72,23,8,4
1317,291,1,49,86,26,56,13,7,4
2724,576,1,56,150,44,117,35,8,4
2656,577,1,59,158,33,108,44,8,4
1472,314,1,52,81,24,62,26,8,4
1688,382,1,50,91,32,72,35,7,4
1593,385,1,40,83,24,65,23,7,4
1789,428,1,50,100,22,83,24,8,4
2773,606,1,57,150,43,120,40,9,5
2766,583,1,62,162,39,117,37,8,4
1537,348,1,48,97,19,71,20,8,4
1272,279,1,44,82,20,46,22,7,4
1687,381,1,48,94,24,85,20,7,4
2522,522,1,60,139,31,104,35,8,4
1758,409,1,57,108,17,102,15,7,4
2415,525,1,57,130,26,101,55,9,5
1947,449,1,45,109,36,95,22,7,4
1309,269,1,45,73,17,60,18,6,3
1903,436,1,50,109,32,84,27,7,4
2693,578,1,53,140,41,127,43,8,4
1781,376,1,53,102,22,71,29,8,4
1592,349,1,58,97,28,65,26,7,4
980,230,1,47,50,15,48,19,7,4
914,196,1,45,60,13,33,9,6,3
2700,602,1,56,160,31,125,17,8,4
725,172,1,41,45,11,28,8,7,4
2588,541,1,55,145,48,100,31,8,4
1496,340,1,52,85,15,69,13,7,4
1554,330,1,44,80,31,57,28,7,4
2557,531,1,55,134,30,106,21,8,4
1385,316,1,46,78,27,59,25,7,4
1585,320,1,45,105,29,76,13,7,4
1613,357,1,49,90,28,70,36,7,4
1880,396,1,47,103,33,73,19,7,4
1256,281,1,36,62,20,56,12,7,4
1047,222,1,53,70,12,45,12,7,4
877,196,1,45,52,12,39,10,6,3
2210,471,1,54,133,35,82,30,9,5
2261,496,1,47,112,45,113,31,8,4
1630,364,1,48,96,24,75,14,8,4
1721,332,1,50,97,26,71,25,7,4
1900,406,1,62,125,24,68,28,8,4
1238,261,1,44,68,18,47,7,7,4
1698,381,1,45,82,26,81,29,7,4
1234,275,1,42,71,25,56,10,7,4
1814,390,1,53,111,22,76,26,7,4
2266,473,1,61,148,35,87,29,9,5
2197,449,1,59,143,35,84,23,9,5
1826,365,1,43,112,28,71,16,7,4
2242,452,1,52,128,33,96,29,8,4
2046,412,1,59,132,27,77,23,8,4
1860,389,1,52,103,29,79,35,7,4
2062,440,1,47,118,48,93,23,8,4
1262,293,1,40,64,23,55,22,7,4
1546,359,1,45,91,41,64,16,7,4
440,99,1,46,31,7,17,3,5,3
1264,272,1,51,76,21,41,7,6,3
1785,418,1,54,98,34,74,21,8,4
1785,378,1,51,116,21,93,22,8,4
2497,526,1,56,146,46,102,40,10,5
1574,338,1,46,83,28,71,22,7,4
1523,318,1,53,94,22,61,22,7,4
1687,373,1,51,105,31,70,9,8,4
1983,450,1,54,110,17,102,23,8,4
1099,250,1,43,54,18,56,16,7,4
1038,242,1,46,56,14,49,18,7,4
2353,553,1,42,110,43,117,34,8,4
1896,386,1,50,105,35,89,28,8,4
2357,505,1,54,126,40,100,38,10,5
1126,254,1,41,64,22,69,8,7,4
1962,419,1,55,133,28,65,19,8,4
1924,435,1,57,98,29,111,30,8,4
1799,380,1,57,99,29,95,36,8,4
2329,465,1,53,144,33,92,30,8,4
1508,315,1,54,109,27,49,12,8,4
1342,291,1,43,72,17,60,8,6,3
1493,325,1,45,88,17,65,16,7,4
2362,505,1,51,151,25,107,16,7,4
1512,356,1,53,102,24,76,14,7,4
1548,340,1,44,93,15,70,21,7,4
1681,376,1,52,93,25,79,25,4,2
2928,601,1,59,179,69,124,31,9,5
1095,237,1,47,64,19,53,11,5,3
1843,375,1,55,125,19,74,23,8,4
1305,264,1,52,90,20,52,11,8,4
878,232,1,41,49,15,49,12,6,3
1908,446,1,50,123,33,81,28,8,4
1925,430,1,42,90,38,91,27,7,4
1770,399,1,53,83,10,91,35,8,4
2193,512,1,56,107,50,103,41,8,4
1174,262,1,49,66,28,41,18,8,4
1530,351,1,56,94,20,72,20,9,5
2455,512,1,54,150,34,87,46,8,4
1788,392,1,63,118,22,84,14,8,4
1896,405,1,49,113,33,89,20,8,4
1440,316,1,54,86,25,67,14,8,4
1630,324,1,52,99,26,70,23,7,4
1508,339,1,45,81,15,72,20,8,4
1139,236,1,45,57,24,55,10,6,3
2263,524,1,55,127,29,101,21,9,5
1784,392,1,59,86,18,84,21,8,4
1647,376,1,45,82,38,86,21,8,4
1185,256,1,55,75,16,45,9,7,4
3171,616,1,61,188,47,112,38,10,5
1077,240,1,43,68,18,48,9,7,4
2232,423,1,62,136,29,84,35,8,4
1629,392,1,50,82,26,83,30,7,4
2037,401,1,60,113,27,84,30,8,4
1554,346,1,43,81,19,67,24,7,4
840,177,1,50,57,8,38,19,5,3
2533,577,1,50,130,45,118,45,7,4
1670,393,1,47,89,18,84,41,7,4
2070,439,1,51,118,24,90,20,8,4
1160,251,1,49,59,20,45,24,7,4
1599,362,1,53,93,29,75,19,8,4
2396,496,1,58,143,35,91,20,9,5
814,181,1,41,47,9,40,14,5,3
939,223,1,43,48,12,45,7,6,3
1141,249,1,44,65,15,52,14,7,4
751,144,1,35,48,18,28,6,5,3
1697,386,1,50,100,19,82,21,7,4
2028,441,1,34,115,24,101,23,7,4
1825,410,1,47,93,33,74,43,8,4
1988,428,1,55,104,25,88,37,8,4
1723,375,1,52,92,30,71,32,7,4
1156,251,1,54,75,21,51,7,7,4
1516,338,1,47,81,22,70,28,8,4
1902,427,1,48,99,24,103,26,8,4
2466,541,1,54,163,48,107,22,8,4
1167,256,1,38,58,17,63,15,7,4
761,188,1,44,36,5,48,15,5,3
3124,588,1,55,187,57,109,36,10,5
1571,324,1,48,103,24,58,18,8,4
1422,319,1,43,88,12,55,21,7,4
1835,400,1,46,100,31,68,29,8,4
2668,529,1,53,148,59,107,26,10,5
1526,327,1,51,91,23,70,18,8,4
1890,395,1,45,128,10,81,17,8,4
1809,381,1,53,111,44,56,21,8,4
1947,430,1,50,98,25,91,19,8,4
2739,526,1,60,166,40,99,28,10,5
1900,426,1,50,115,28,81,28,8,4
2489,499,1,59,151,49,81,38,9,5
1421,329,1,49,76,11,67,11,7,4
2872,638,1,65,157,32,127,38,8,4
1062,231,1,49,69,6,47,13,6,3
1607,311,1,45,96,24,50,21,8,4
1490,347,1,50,75,27,76,23,7,4
1930,423,1,50,105,46,80,20,8,4
923,199,1,39,59,8,35,18,5,3
601,119,1,42,37,8,27,9,6,3
814,194,1,39,29,20,44,10,7,4
2855,536,1,68,219,26,88,24,8,4
1479,301,1,56,91,22,60,14,7,4
1007,225,1,48,57,12,50,6,7,4
2029,416,1,48,133,35,80,22,8,4
1517,307,1,58,85,24,51,24,8,4
2287,500,1,52,136,29,101,42,7,4
1958,413,1,50,119,28,77,16,8,4
1497,339,1,52,77,23,65,32,7,4
1180,258,1,46,59,16,56,9,7,4
790,200,1,33,48,14,50,16,5,3
395,86,1,30,27,6,17,2,3,2
1613,346,1,47,106,25,55,21,7,4
1639,351,1,45,89,25,77,16,8,4
870,229,1,37,38,15,50,16,5,3
1573,347,1,43,88,16,65,26,8,4
1174,276,1,40,45,11,67,25,6,3
1719,396,1,45,94,20,101,21,8,4
1013,245,1,43,59,12,44,11,6,3
950,216,1,42,47,19,54,7,6,3
568,129,1,36,30,12,23,6,5,3
1738,389,1,55,104,17,84,19,8,4
1359,306,1,46,84,19,59,15,8,4
1325,312,1,50,65,28,65,24,7,4
1340,321,1,50,74,27,65,25,7,4
1773,384,1,41,100,23,69,23,7,4
1995,464,1,51,96,23,100,37,8,4
746,158,1,50,46,13,39,8,5,3
3307,596,1,60,207,46,104,28,9,5
650,150,1,33,40,5,29,7,7,4
1995,445,1,49,108,39,92,30,9,5
2106,453,1,46,107,26,91,35,8,4
1394,316,1,39,79,23,63,23,7,4
567,127,1,40,29,8,25,5,5,3
1686,377,1,52,96,27,74,27,8,4
1841,435,1,45,99,39,81,35,7,4
1901,400,1,60,112,35,69,26,8,4
1676,368,1,46,104,30,67,12,7,4
1324,295,1,50,83,21,58,13,7,4
2237,495,1,52,119,42,120,28,8,4
1673,385,1,50,96,32,82,13,8,4
1454,326,1,47,72,24,65,23,7,4
1870,411,1,52,113,27,81,30,8,4
1147,261,1,48,59,27,51,27,7,4
1011,229,1,49,73,18,42,13,8,4
879,197,1,45,49,19,36,18,7,4
1960,487,1,45,99,30,91,25,7,4
1641,343,1,40,91,15,62,24,7,4
1147,277,1,48,66,19,57,20,6,3
1397,286,1,56,92,25,58,10,7,4
522,103,1,38,41,4,18,2,4,2
1594,353,1,39,104,13,70,3,7,4
2319,513,1,52,143,40,91,23,8,4
1495,305,1,46,95,30,56,12,7,4
1440,319,1,45,74,22,68,25,7,4
2063,434,1,49,134,35,85,26,8,4
1267,318,1,48,79,21,57,28,7,4
1523,327,1,53,91,24,76,31,8,4
1258,274,1,38,71,18,60,15,7,4
2418,495,1,55,136,40,95,28,8,4
1020,264,1,36,49,19,50,16,7,4
635,140,1,53,43,10,34,7,5,3
1220,264,1,40,66,19,57,24,7,4
1961,416,1,50,103,33,91,30,8,4
1648,317,1,59,119,28,62,27,8,4
552,125,1,44,41,3,25,3,5,3
1628,332,1,49,90,18,77,25,7,4
1479,341,1,51,73,30,81,26,7,4
1291,307,1,50,83,19,65,17,7,4
1115,251,1,45,69,25,51,14,5,3
773,184,1,43,47,10,32,10,5,3
1783,439,1,49,111,18,94,21,8,4
1033,248,1,44,67,14,56,10,5,3
562,127,1,43,32,13,16,11,3,2
1312,321,1,40,73,22,70,16,7,4
1526,344,1,46,93,18,69,13,8,4
1454,322,1,51,82,16,62,26,8,4
1353,322,1,45,86,19,62,17,7,4
1316,285,1,49,71,32,58,21,7,4
2199,472,1,59,132,30,92,41,8,4
1083,261,1,40,58,13,63,16,7,4
2079,466,1,38,111,32,100,37,8,4
1110,239,1,42,71,13,50,14,7,4
1912,420,1,51,113,33,74,28,8,4
959,211,1,46,56,15,46,9,6,3
1195,250,1,49,65,11,55,16,7,4
682,137,1,45,42,9,31,4,5,3
1571,359,1,44,96,24,75,22,7,4
2725,579,1,60,157,41,120,33,8,4
1167,279,1,37,65,16,56,16,5,3
1785,387,1,51,104,20,77,21,6,3
1675,376,1,49,78,28,78,34,7,4
238,50,1,25,14,3,9,4,2,1
1442,323,1,43,90,22,61,22,7,4
1740,397,1,52,99,23,88,22,7,4
1731,368,1,52,99,22,67,24,7,4
791,177,1,51,42,10,39,13,6,3
2052,451,1,51,109,42,96,34,8,4
1809,396,1,53,99,27,88,31,8,4
477,97,1,31,30,14,14,5,3,2
703,167,1,39,44,5,33,8,5,3
1287,286,1,49,77,26,51,22,7,4
1683,416,1,47,86,26,99,26,7,4
1419,299,1,51,93,15,63,20,7,4
2006,379,1,51,123,23,70,23,9,5
1017,219,1,43,46,19,50,26,6,3
646,140,1,31,41,8,33,7,4,2
2257,532,1,55,115,24,110,53,9,5
1280,306,1,46,81,21,41,17,6,3
1708,373,1,48,85,19,90,24,7,4
2413,545,1,48,120,28,114,15,8,4
2414,529,1,51,152,38,125,24,7,4
1887,431,1,50,104,16,86,22,8,4
1227,287,1,42,61,11,66,26,7,4
1078,233,1,51,72,21,50,15,7,4
1238,288,1,53,83,19,53,17,8,4
1088,249,1,41,63,7,51,29,7,4
1117,270,1,53,66,17,56,5,7,4
2657,613,1,57,157,33,138,30,9,5
2022,422,1,65,126,33,76,31,8,4
1288,311,1,49,81,18,69,14,7,4
1294,312,1,36,67,32,66,14,8,4
2515,531,1,45,138,40,112,30,8,4
1172,248,1,48,68,11,43,22,6,3
2095,446,1,55,127,42,83,25,8,4
2643,512,1,62,175,29,90,33,8,4
1873,421,1,58,96,42,79,25,8,4
2262,473,1,57,117,40,92,29,9,5
2396,534,1,50,135,30,118,48,8,4
143,32,1,33,10,2,10,1,2,1
1882,430,1,48,101,26,82,34,8,4
1454,338,1,52,75,25,73,25,7,4
1651,390,1,47,87,23,83,28,7,4
1718,389,1,45,95,28,80,17,8,4
2922,589,1,52,192,33,104,31,9,5
2461,550,1,57,146,35,115,31,8,4
1476,337,1,55,80,27,75,23,8,4
1452,331,1,49,59,21,74,29,7,4
1453,308,1,54,82,22,54,18,7,4
2150,472,1,56,129,30,98,24,8,4
1455,326,1,53,88,15,75,16,7,4
1208,263,1,41,53,21,54,21,7,4
1023,248,1,49,54,17,54,8,7,4
1727,379,1,50,92,33,84,16,8,4
1884,423,1,58,108,24,84,40,8,4
1329,340,1,44,75,16,77,18,7,4
1834,416,1,53,98,31,90,35,8,4
3260,712,1,58,176,59,147,52,9,5
1677,388,1,46,82,19,95,32,7,4
1179,241,1,49,74,22,46,11,7,4
1571,336,1,59,111,18,54,5,8,4
1658,362,1,50,94,19,82,21,8,4
1720,376,1,56,119,13,68,9,8,4
2281,422,1,56,140,28,83,39,8,4
1570,341,1,53,104,24,66,18,7,4
868,212,1,47,51,10,45,12,7,4
1847,430,1,42,107,23,79,30,8,4
1255,279,1,47,63,19,69,21,6,3
1939,398,1,59,114,40,67,22,8,4
3252,742,1,46,163,55,149,44,8,4
1923,445,1,59,93,25,81,42,8,4
1621,373,1,50,92,14,77,31,7,4
1376,316,1,37,67,20,68,14,7,4
2101,427,1,51,115,31,103,26,7,4
1272,275,1,52,81,25,52,12,7,4
2143,474,1,47,123,24,90,32,8,4
2065,508,1,47,91,27,115,30,8,4
2321,508,1,48,141,28,89,26,8,4
1392,341,1,47,76,23,75,28,7,4
1852,425,1,47,67,32,110,40,7,4
1060,224,1,45,75,13,42,7,7,4
1460,343,1,46,85,26,53,25,7,4
1320,289,1,43,88,23,39,17,8,4
2297,510,1,34,127,31,108,24,8,4
1351,302,1,48,83,15,68,26,7,4
1318,285,1,46,69,21,55,19,7,4
1818,414,1,49,94,25,100,23,8,4
1275,299,1,46,86,17,57,18,7,4
1217,276,1,46,79,25,42,7,7,4
1420,299,1,49,81,21,48,27,7,4
2162,461,1,58,110,36,92,51,9,5
1530,339,1,44,95,30,66,19,7,4
2736,515,1,61,185,36,82,35,9,5
1244,301,1,44,70,17,58,21,7,4
848,186,1,42,57,18,29,17,5,3
2089,414,1,51,115,42,77,30,9,5
1595,337,1,51,91,27,66,33,8,4
1546,365,1,48,75,27,81,27,7,4
1867,393,1,50,121,23,69,22,8,4
1110,218,1,44,66,26,41,14,7,4
1148,271,1,51,62,23,51,21,7,4
2262,456,1,51,135,35,105,24,8,4
1136,243,1,36,60,14,56,24,7,4
1111,257,1,48,62,12,53,19,7,4
1365,303,1,44,66,25,72,32,7,4
1701,382,1,54,96,25,79,38,8,4
1910,442,1,49,98,39,81,33,8,4
1573,343,1,58,77,38,77,31,7,4
1963,454,1,52,103,26,83,31,8,4
1649,370,1,51,83,24,84,21,7,4
1559,341,1,46,80,25,79,25,8,4
1608,379,1,50,77,23,81,32,7,4
2172,444,1,47,134,33,92,26,8,4
2030,481,1,50,105,37,95,34,8,4
1693,358,1,52,103,23,76,23,8,4
1926,463,1,59,119,30,83,30,8,4
2805,592,1,55,170,34,123,28,8,4
1638,395,1,48,81,27,75,32,8,4
2787,592,1,62,164,46,117,36,9,5
940,196,1,41,59,16,35,17,5,3
429,93,1,32,20,8,27,7,4,2
1863,413,1,56,111,29,85,33,7,4
2404,551,1,53,139,54,107,42,9,5
1158,303,1,45,58,15,74,17,7,4
2113,470,1,57,117,25,121,33,8,4
1659,354,1,53,94,17,74,27,7,4
1533,314,1,52,85,11,67,25,7,4
1566,408,1,46,116,24,74,19,7,4
667,162,1,39,35,14,35,4,5,3
1596,333,1,52,77,36,74,26,7,4
1154,227,1,51,67,22,39,15,6,3
1473,312,1,56,79,33,62,27,7,4
1758,379,1,50,102,23,78,21,7,4
506,117,1,44,32,10,22,6,4,2
3056,672,1,54,153,48,147,38,8,4
1853,414,1,47,100,31,96,28,7,4
910,195,1,46,52,16,48,15,6,3
1716,368,1,48,97,21,74,14,8,4
2375,505,1,59,148,30,99,24,9,5
1826,389,1,46,106,26,74,23,8,4
2111,478,1,51,103,27,111,38,8,4
2125,492,1,53,109,22,107,50,8,4
1964,437,1,53,124,32,77,21,8,4
1703,369,1,42,99,22,64,13,8,4
1518,353,1,49,80,23,70,21,7,4
2027,455,1,45,110,36,96,21,7,4
1432,321,1,46,90,24,56,9,7,4
1874,425,1,53,107,30,86,26,8,4
1353,301,1,44,81,19,59,24,7,4
927,209,1,50,60,21,47,7,7,4
2454,513,1,57,139,41,93,38,9,5
1486,346,1,48,75,23,69,24,7,4
2105,445,1,62,121,35,89,22,10,5
966,207,1,39,58,14,41,10,5,3
968,239,1,48,51,8,53,16,6,3
866,198,1,49,51,15,34,12,6,3
1582,384,1,46,63,28,91,31,7,4
2047,454,1,49,114,27,87,22,8,4
895,221,1,39,60,17,40,13,5,3
2028,428,1,57,118,21,72,35,8,4
1626,359,1,45,71,26,90,24,7,4
1090,259,1,47,48,10,67,18,5,3
2501,538,1,59,155,41,102,22,8,4
1197,290,1,43,61,15,47,28,6,3
1946,427,1,55,128,31,83,15,7,4
1463,325,1,54,91,26,60,22,8,4
1899,392,1,50,112,26,72,21,7,4
2053,444,1,53,116,29,84,26,9,5
1894,437,1,47,106,26,95,23,8,4
1699,388,1,53,96,28,80,17,8,4
1993,462,1,53,117,27,87,31,8,4
2059,451,1,59,130,34,86,23,8,4
2135,413,1,57,156,34,82,19,8,4
1972,427,1,57,131,24,85,24,8,4
1886,429,1,48,111,38,88,9,8,4
2244,483,1,47,131,41,91,30,8,4
1554,336,1,49,88,30,57,16,7,4
1891,384,1,50,118,25,79,29,8,4
1391,318,1,55,82,22,71,21,8,4
1452,336,1,51,67,23,73,26,7,4
1095,235,1,33,68,22,48,4,7,4
2028,464,1,57,118,29,87,25,8,4
1115,259,1,43,58,14,55,13,6,3
3453,718,1,57,178,38,151,48,9,5
1140,257,1,42,61,13,55,19,7,4
1506,332,1,46,84,11,71,22,6,3
2380,505,1,52,152,34,101,32,8,4
1694,382,1,37,89,35,86,14,7,4
1486,322,1,59,90,13,66,23,7,4
1015,224,1,48,60,12,54,13,5,3
1965,434,1,47,91,25,106,32,8,4
2226,491,1,55,119,36,111,39,9,5
1965,407,1,47,116,41,79,31,8,4
1540,349,1,48,91,14,74,21,8,4
1495,368,1,34,65,28,88,15,7,4
1514,324,1,41,71,25,68,15,8,4
574,118,1,40,29,11,22,3,5,3
1353,300,1,51,84,16,71,20,7,4
1719,357,1,53,104,28,64,12,7,4
2102,473,1,53,128,30,111,20,8,4
887,189,1,43,55,13,34,13,7,4
3667,759,1,58,236,50,152,36,8,4
1714,354,1,48,111,27,67,25,7,4
1928,410,1,62,116,30,98,29,8,4
1043,240,1,46,57,28,47,8,7,4
2460,533,1,56,152,32,117,35,8,4
1563,328,1,43,91,29,62,22,8,4
2508,550,1,55,147,45,116,47,10,5
1575,356,1,57,88,19,77,26,7,4
1449,337,1,48,83,27,57,21,7,4
2524,475,1,65,176,35,87,16,10,5
1818,405,1,50,105,30,79,24,7,4
443,100,1,40,26,15,20,1,4,2
1678,359,1,50,113,24,85,21,7,4
1912,413,1,49,90,16,95,37,8,4
2079,471,1,40,120,31,83,31,7,4
1371,286,1,46,79,20,64,29,8,4
1719,344,1,53,99,28,71,22,8,4
1640,372,1,60,95,24,75,28,7,4
2598,499,1,60,163,34,95,49,8,4
1399,320,1,49,74,20,63,24,7,4
2040,404,1,60,133,34,73,20,8,4
1663,368,1,51,98,21,72,22,8,4
1713,390,1,52,92,23,85,31,8,4
2625,604,1,53,128,28,129,39,9,5
517,116,1,38,35,3,19,12,4,2
1982,438,1,66,130,30,80,35,8,4
2315,463,1,54,139,30,94,29,8,4
1946,454,1,47,112,32,97,35,8,4
1521,331,1,47,97,19,63,23,7,4
2094,497,1,47,114,35,108,39,7,4
892,200,1,39,53,13,46,10,6,3
1352,291,1,36,82,15,56,8,7,4
57,15,1,21,2,3,2,0,2,1
905,214,1,38,52,18,41,19,6,3
